{
  "learning_rate": 0.1,
  "discount_factor": 0.95,
  "exploration_rate": 0.01,
  "total_episodes": 200,
  "total_steps": 59499,
  "episode_rewards": [
    -10.724764866093274,
    -67.47099640780911,
    -59.411445153611425,
    -82.96419576052034,
    -54.20606391960243,
    -30.77440468852338,
    -45.42068596431868,
    23.708136615750618,
    -42.0537993892154,
    -100,
    -18.414381462772976,
    -76.0253702647353,
    -68.2886342118569,
    -25.598306703986445,
    21.860303311875242,
    -5.804073830454335,
    -22.853693055589574,
    -32.27950166610655,
    -28.111571434817694,
    -60.956051398305846,
    -53.15044470108252,
    -6.098421545656144,
    -10.754291383364642,
    9.080117393051417,
    -65.51663679902103,
    -24.912790464624365,
    -30.94133281536013,
    -75.26396122433715,
    -27.89330513887433,
    -64.12197754011832,
    -54.35730681261197,
    -50.200310818206795,
    31.420785169316403,
    0.1650464913028813,
    -54.844864559863346,
    -22.554666278782918,
    -33.457976819403854,
    20.96079584987595,
    9.688684498292009,
    3.838616277877062,
    -36.568480910596605,
    -16.575206233416203,
    -16.00713446435072,
    -79.32320450338987,
    -29.189651108394315,
    -30.94193178608001,
    -46.88537994937131,
    3.4622639865598197,
    4.310986786045969,
    45.496860896764034,
    -14.9650748037548,
    37.41781306674317,
    -91.54116149928069,
    -24.97800284072272,
    3.8393495617360736,
    28.18124360917532,
    11.93645286974738,
    5.561664531935677,
    -2.4489202022401386,
    5.458101152568885,
    -10.264415984684632,
    2.485698790481562,
    26.795188959529508,
    -4.618200966547413,
    -18.309180734403554,
    84.27682569385675,
    -16.499289173778294,
    26.590961022668225,
    59.39296943108563,
    17.310855976943376,
    21.230938799038377,
    30.084615434405066,
    5.552505267684786,
    -38.13658584769293,
    4.022380159772798,
    17.605104010968695,
    12.573232629092319,
    37.31416464812748,
    1.1368134798533092,
    -1.1433634015836773,
    34.80329981293391,
    49.77307379633447,
    68.1472452181977,
    46.0923191029388,
    98.5538401289708,
    63.709792670991796,
    59.40028247504247,
    36.17111727947634,
    23.63824019561573,
    65.08951705403057,
    26.67410352110509,
    57.8749458548998,
    -49.04753186391585,
    39.52973813291987,
    35.96239235760423,
    -65.56208094366947,
    31.56620281881059,
    46.71111033755997,
    37.12397677920996,
    87.98800135059213,
    95.23599498946959,
    49.1690278146716,
    91.80666258039447,
    71.96049912599932,
    83.79475793157123,
    78.303611706033,
    21.882316365690627,
    71.15263735145938,
    35.42298118935733,
    92.42275645135649,
    86.38399339501154,
    82.66765718982722,
    -8.454667376163371,
    109.39247132166474,
    32.4929655839655,
    47.70133128015806,
    46.71133609106936,
    77.76156658157493,
    47.24825977750309,
    65.74194421456178,
    32.26245445425769,
    89.7967561884737,
    50.44824672356077,
    73.20987241243365,
    95.38482464765227,
    50.18371030834449,
    65.71437940741306,
    129.0455382082547,
    103.26876991111702,
    75.98025044048484,
    105.27166476422518,
    15.106812245712348,
    76.29729560302418,
    44.345946432593124,
    91.79297703287855,
    73.74503453941867,
    106.15661061484312,
    66.69056344923462,
    108.72728394838266,
    94.3543985696945,
    90.84201355748452,
    45.91765187212142,
    50.24465120215489,
    76.54406470678853,
    86.32473382711582,
    104.00197889873623,
    121.22898631035488,
    72.27042207473723,
    156.10032150205478,
    105.3729102786441,
    76.39091557516974,
    110.78520135347456,
    47.5133499901878,
    146.8355386432196,
    102.72064642487099,
    50.56697537535804,
    88.28844065037838,
    107.1034946301383,
    99.82982756525037,
    108.58800248911088,
    127.46827943807129,
    184.42059112787163,
    139.04925403118563,
    84.06757841582466,
    102.79372359156072,
    63.924537385947325,
    116.93498709346754,
    167.38808648808856,
    126.22574553026824,
    158.07106423988785,
    108.05617184644406,
    97.45864416612619,
    148.70734606908582,
    154.35478147931744,
    113.47864935807227,
    88.30859840912579,
    107.93787359249524,
    132.48883108828173,
    121.70601876269791,
    142.18427643682574,
    151.05974205110678,
    129.66528865406372,
    123.26684957332368,
    107.74726978682611,
    162.68770901199213,
    110.85505640063715,
    132.79887313051304,
    125.04862224094194,
    240.92399450916344,
    112.7538787774657,
    144.97001199970046,
    125.88690849299742,
    180.14739565689553,
    108.44639148086547,
    147.34335438533458,
    161.97673832184674,
    150.9979680850022,
    160.03650481690664,
    162.20429587011827,
    153.6782173569225
  ],
  "episode_lengths": [
    421,
    332,
    328,
    333,
    399,
    385,
    404,
    363,
    369,
    380,
    339,
    328,
    410,
    429,
    380,
    435,
    450,
    363,
    425,
    375,
    376,
    411,
    359,
    310,
    327,
    379,
    395,
    391,
    450,
    355,
    344,
    412,
    381,
    462,
    353,
    407,
    321,
    406,
    298,
    358,
    408,
    320,
    398,
    286,
    290,
    384,
    351,
    349,
    325,
    398,
    371,
    288,
    326,
    370,
    244,
    299,
    395,
    348,
    288,
    340,
    375,
    407,
    356,
    338,
    358,
    316,
    298,
    356,
    311,
    341,
    304,
    276,
    311,
    323,
    289,
    351,
    341,
    337,
    280,
    347,
    417,
    242,
    421,
    340,
    305,
    209,
    371,
    343,
    259,
    377,
    274,
    293,
    244,
    399,
    277,
    277,
    354,
    294,
    350,
    355,
    270,
    241,
    304,
    302,
    357,
    295,
    274,
    254,
    347,
    227,
    285,
    269,
    280,
    313,
    354,
    219,
    299,
    293,
    266,
    205,
    355,
    160,
    301,
    227,
    228,
    278,
    300,
    285,
    119,
    277,
    240,
    247,
    252,
    269,
    193,
    367,
    219,
    325,
    346,
    269,
    194,
    207,
    234,
    221,
    221,
    238,
    315,
    276,
    253,
    252,
    284,
    283,
    275,
    258,
    277,
    247,
    330,
    289,
    196,
    221,
    332,
    251,
    190,
    197,
    295,
    199,
    238,
    349,
    211,
    202,
    223,
    267,
    255,
    179,
    234,
    202,
    170,
    228,
    257,
    184,
    236,
    254,
    160,
    204,
    143,
    159,
    170,
    252,
    155,
    195,
    211,
    249,
    217,
    276,
    174,
    209,
    173,
    185,
    161,
    134
  ],
  "timestamp": "2026-03-01T12:00:00"
}